,iters,score
0,110000,0.81023
1,220000,0.77296
2,330000,0.78521
3,440000,0.77705
4,550000,0.77785
5,660000,0.77346
6,770000,0.77368
7,880000,0.78548
8,990000,0.79603
9,1100000,0.80179